appearance,intention
0.23529411764705882,0.0016299154164163565
0.23529411764705882,0.010767148734514379
0.8758210155857215,0.11184389418585083
0.23529411764705882,0.018568665744328423
0.25664679880141306,0.048326674545938
0.5596672876308134,0.01367514347067142
0.23529411764705882,0.00863623255172755
0.07020383285599192,0.009871542684757656
0.0,0.022162323787750873
0.013246012234714128,0.006014767936692382
0.23529411764705882,0.02564355945351179
0.23529411764705882,0.024686874468857985
0.8827198480531814,0.2588130479497344
0.5687433877982838,0.007974706581573714
0.07507810816634344,0.01967904577282724
0.8295346628679962,0.2955185728292848
0.23529411764705882,0.030285556030348666
0.0,0.046706002018871914
0.0,0.026760038460480657
0.0,0.006696702744259906
0.0,0.007481476254175878
0.0,0.01667001255035353
0.0,0.013585457236318533
0.0,0.07412332683077208
0.0,0.013417664963403634
1.0,0.027720177557699895
0.0,0.016834076424217744
0.0,0.019943294080741372
0.0,0.015243560171241077
0.0,0.06067238010065934
0.0,0.017881806719102177
0.0,0.013777496734292533
0.0,0.0538270126297892
0.0,0.009873657579089373
0.0,0.03814838290263126
0.0,0.0012305848722668417
0.0,0.0010025762071631124
0.0,0.0
0.0,0.0003053361903697311
0.0,0.00018609917212594727
0.0,0.00041912302207542155
0.0,0.0007097429045101322
0.0,0.0004105233285161355
0.5,0.0011746789403603486
0.0,0.00022534891468704868
0.0,0.00075118742509961
0.0,0.00029746420523984947
0.0,0.0052101336796235714
0.0,0.0003799453470667808
0.0,0.0006255520544423668
0.0,0.003106317163373029
0.0,0.00035391888072510623
0.0,0.0015581803421328864
0.625,0.0038790019254251
0.4,0.00868131100230892
0.2777777777777778,0.13072919718343515
0.625,0.0184196866004192
0.021052631578947368,0.0003168203059048315
0.031496062992125984,0.0071679815729939105
0.12491784033500533,0.03543457476428479
0.031496062992125984,0.005153882846202648
0.23809523809523808,0.005195517125457043
0.21446756553139532,0.012232358882851738
0.5353785678908605,0.023727041491791414
0.23809523809523808,0.023836794536263986
0.3076923076923077,0.005202362305001556
0.26954022988505744,0.012254250954994795
0.5552724814063558,0.023796666894980018
0.3076923076923077,0.023864892278209576
0.23809523809523808,0.0014927608991639528
0.16770508826583594,0.013496079449532935
0.5327795726126872,0.042009165470157754
0.19047619047619047,0.01960424157948927
0.15384615384615385,0.00399745011998743
0.15384615384615385,0.009260806446317578
0.55790322288298,0.13072919718343515
0.15384615384615385,0.019006661579658628
0.000980632507967639,0.0002194503564307113
0.0011186719938865073,0.005623207334047914
0.003471330195581036,0.03182579047728554
0.000980632507967639,0.0040944978268487794
0.23529411764705882,0.0044322276513554
0.23529411764705882,0.010815185926997624
0.8633117987079226,0.13072919718343515
0.23529411764705882,0.021106687652348178
0.2222222222222222,0.0020647227662228098
0.2222222222222222,0.015611946220115126
0.8271642924976258,0.11070638625102593
0.2222222222222222,0.024051208513538667
0.2,0.005217193856918169
0.1864864864864865,0.014805727105874748
0.6364050082471135,0.03114395771127853
0.2,0.02703681854633706
0.21052631578947367,0.002232012794407313
0.1853582554517134,0.009105637454641094
0.15789473684210525,0.07953406799064495
0.4930316445318905,0.05599715453077326
0.03571428571428571,0.02416938447946493
0.4913801197618217,0.0582993147229319
0.23529411764705882,0.00843269461102798
0.3333333333333333,0.0019214509684983654
0.6666666666666666,0.003837714524979927
0.9909372236958444,0.011965912783238627
0.2222222222222222,0.0215284203473742
0.15384615384615385,0.0033162768774436333
0.29411764705882354,0.02811769344750535
0.3333333333333333,0.00496392624609423
0.05333333333333334,0.00029674179816395507
0.04597701149425287,0.003015057248589248
0.08086715701651088,0.035418272179366654
0.2824695339208977,0.012100117074613103
0.05333333333333334,0.0022443254562754004
0.23529411764705882,0.006231563448126446
0.23529411764705882,0.014619890791049058
0.9406457739791073,0.028810545984436983
0.23529411764705882,0.02530353642030613
0.13333333333333333,0.001135700944892662
0.14285714285714285,0.006431889411752384
0.16129032258064516,0.06612720667206225
0.43250070856311523,0.021079355406508838
0.14285714285714285,0.007522635533565385
0.0,0.001189871806565495
0.0,0.01620624886767196
0.0,0.032052691964390055
0.0,0.01411483831687692
0.21052631578947367,0.005341315790864788
0.21052631578947367,0.013893454309896561
0.7873631447038649,0.022127852469466403
0.21052631578947367,0.024897786799758747
0.024691358024691357,0.003994705484246371
0.02816705594483372,0.008790094335450279
0.08295965767638354,0.015788561819362123
0.024691358024691357,0.018742448705403068
0.21052631578947367,0.0012525940947705773
0.17609034267912774,0.010622996563811143
0.468380062305296,0.04895493886506837
0.2,0.015126301359738392
0.5,0.00813302748414145
1.0,0.015125042293796576
0.6666666666666666,0.017111709462904783
0.23529411764705882,0.057104456159827705
0.0,0.004875658132074091
0.23529411764705882,0.04998215109180502
0.5,0.023076911337958354
0.23529411764705882,0.006090826378000825
0.23529411764705882,0.016343213192211044
0.23529411764705882,0.010321884399593022
0.9411764705882353,0.12002991170756538
0.23529411764705882,0.039171826033763166
0.0,0.014795811631123486
0.0,0.008930960524786709
0.0,0.0026842162998619457
0.0,0.0051537037907896975
0.0,0.002649749732460549
0.0,0.007115318995054411
0.0,0.020993334315279024
0.0,0.00693110708767632
1.0,0.007114914307141367
0.0,0.002142706838841246
0.0,0.008090772154480974
0.0,0.006622547044392127
0.0,0.021507380144915208
0.0,0.002488754483160155
0.0,0.002179554070662798
0.0,0.022878159517559338
0.0,0.00588017777569754
0.0,0.01523286684672983
0.2222222222222222,0.00656577440848831
0.2222222222222222,0.012809339522350771
0.830962962962963,0.028219345610301327
0.2222222222222222,0.02484884688819015
0.00392156862745098,0.0006554097108245643
0.00784313725490196,0.005907835463134679
0.00784326157707778,0.05934896404530197
0.013188875901446646,0.034500560466198385
0.003925417075564278,0.006063033157028114
0.024539877300613498,0.0006857568060032302
0.021715018543551352,0.0034627994983517196
0.05,0.03872814948986044
0.16254121094772098,0.013887698681837424
0.1975400014176857,0.020067211007250344
0.1799132984746129,0.01606815736935225
0.041237113402061855,0.003133227065131835
0.625,0.004008808826534886
0.4,0.00931312359275362
0.29411764705882354,0.027836119534718092
0.625,0.019062568934879568
0.23809523809523808,0.0053453915143193
0.19047619047619047,0.011438948081338003
0.6324193675070868,0.013726591987112926
0.23809523809523808,0.022871242916178106
0.2222222222222222,0.002303143028519887
0.2222222222222222,0.01731132118937511
0.9444444444444444,0.22002766505664847
0.2222222222222222,0.02890908971598551
0.4949166504360349,0.014328442800719843
0.0,0.008454643259703996
0.0,0.00010784267632049921
0.3131368937998772,0.14862687422643248
0.14285714285714285,0.014725960752861153
0.0,0.025691752300143814
0.5,0.02268121428250929
1.0,0.00037733572916082283
0.0,0.052824526680462766
0.0,0.0013788539468896062
0.0,0.034782054401017226
0.0,0.00039815291159849773
0.46737045928720455,0.04928469545276549
0.0,0.024511884784351467
0.0,0.00039917573919359337
0.23529411764705882,0.05746986697922269
0.0,0.04163783551683798
0.0,0.0003156236619717829
0.1853582554517134,0.023127344535595475
0.6666666666666666,0.0076997676002319585
0.05333333333333334,0.004891663517357148
0.9959778783308195,0.17402833975685758
0.0,0.06789705769007305
0.0,0.00047470365444942167
0.4913801197618217,0.03393996412879149
0.29411764705882354,0.010617755348073838
0.0,0.010823177598848498
0.0,0.023012700508924563
1.0,0.026676379365365804
0.5,0.0010901100125918683
0.0,0.0052031136710896965
0.0,0.0023226280072784
0.0,0.011976817772495848
0.0,0.01201377516638914
0.0,0.009855955977474117
0.0,0.005909264815710044
0.0,0.0019753364193948347
0.0,0.008487249457646194
0.0,0.013773402758751892
0.0,0.0159965841552538
0.0,0.004679904877194769
0.0,0.0023429771375214794
0.0,0.0010055176446686091
0.0,0.01967006692631425
0.0,0.05919145061392817
0.0,0.0017590954308488226
0.0036569534549851877,0.037641841795910944
0.0,0.007461336464859267
0.0,0.00011190684958517097
0.0023389464818206066,0.09340899290556169
0.007353003337558498,0.018755755607428683
0.16139644048336288,0.01370201489193029
0.0,0.0036605346778648845
0.0,7.051560114301004e-05
0.12162142457697277,0.09156831941781779
0.031139104015793867,0.010640702968599019
0.9041615803228563,0.07009425275119834
0.0,0.03523806896219859
0.0,0.00041252249179801726
0.0,0.0450618160130375
0.0,0.00043186972815455345
0.8295346628679962,0.08347455851204821
0.0,0.0631832237633822
0.0,0.0022164140313363197
0.4,0.0019498289038746223
0.8,0.015180938092256846
0.35294117647058826,0.14651250952336906
0.4,0.026169749399676583
0.09090909090909091,0.0009953296155743752
0.09302325581395349,0.005322928781705429
0.09302325581395349,0.056769624845351654
0.3558650578123281,0.023219895968823435
0.22628624099212327,0.009870546279804382
0.2051051042074068,0.02586772722522292
0.09090909090909091,0.004383974539923979
0.09230769230769231,0.053642377244586016
0.17917917917917917,0.008763301942002009
0.4,0.005271373149211793
0.7187412587412587,0.0265322457199185
0.026905829596412557,0.010061177612625103
0.30755506336901683,0.022656128012341525
0.2807705965909091,0.036838875956841065
0.22727272727272727,0.022377823269331062
0.0,0.031286615387748316
0.005519779208831647,0.00943880263678529
0.8,0.026346133539175174
0.6428205128205128,0.03422578373012052
0.35294117647058826,0.053129760681297745
0.24,0.01265819634254236
0.19230769230769232,0.012023802613378294
0.3333333333333333,0.06035257096158337
0.03409090909090909,0.021051097157989338
0.4,0.016279604118896084
0.09230769230769231,0.08469346279604299
0.27597069597069596,0.031965961953225805
0.4,0.0009055938319615307
0.7187412587412587,0.07307288582743193
0.026905829596412557,0.06861730898236691
0.30755506336901683,0.07126530203781913
0.2807705965909091,0.07375107650359952
0.22727272727272727,0.07499772431849956
0.0,0.0998953067111874
0.001381533502187428,0.058287623416686814
0.8,0.029010326296484642
0.6428205128205128,0.05767704775354713
0.35294117647058826,0.08981995906816873
0.12,0.06066449833320066
0.19230769230769232,0.023888124231552964
0.35294117647058826,0.09704539086760203
0.03409090909090909,0.07149015351901099
0.4,0.024996433257614577
0.0,0.0007804770526911031
0.0,0.0006643036254053029
0.0,0.0
0.0,0.00022220850062223114
0.0,0.00022920691353035087
0.0,0.00025025459616726523
0.0,0.0012336468807466893
0.0,0.00043813496866736953
0.5,0.0005212870209555703
0.0,0.0002364403805830459
0.0,0.00031592882692715516
0.0,0.00039138315331945335
0.0,0.0008354317437971155
0.0,0.00027693949554804013
0.0,0.0004069863344484967
0.0,0.001873142388948594
0.0,0.00031859694696897273
0.0,0.0006571247798670338
0.06557377049180328,0.014905648834161851
0.1574378368979308,0.009013370665040174
0.5,0.003846485379503073
0.7272727272727273,0.006948440518540219
0.017937219730941704,0.0036058312224060353
0.2222222222222222,0.009235404742216433
0.2,0.0281757405649165
0.16008212970829794,0.009017274653387874
0.0,0.0073851963227433036
0.0010506707490359343,0.002859040636768736
1.0,0.009842235863208811
0.6666666666666666,0.0070892137336533425
0.21052631578947367,0.02579858883517908
0.16,0.003020949799220048
0.0,0.0024601276292049085
0.25,0.02502104759385015
0.025926494676494674,0.007752208032890608
0.475,0.02064751713205486
0.018779342723004695,0.00013157241940961413
0.032520325203252036,0.0032788161507908836
0.13385424999151604,0.031912064955672684
0.032520325203252036,0.002989889011700115
0.09230769230769231,0.07475309919010781
0.17917917917917917,0.031702586751786804
0.4,0.0034773658119577424
0.7187412587412587,0.04980102406772724
0.026905829596412557,0.03862663347910068
0.30755506336901683,0.05194739501647874
0.2807705965909091,0.053891512538113265
0.22727272727272727,0.05647585709828725
0.0,0.06993788955047678
0.005519779208831647,0.03408635487152213
0.8,0.024412275044063073
0.6428205128205128,0.047135880812764964
0.3333333333333333,0.06992723696627333
0.12,0.03895108917456452
0.2777777777777778,0.0137095849453048
0.3333333333333333,0.06529244410729125
0.03409090909090909,0.05348077301709386
0.4,0.0214946656238713
0.3076923076923077,0.002945583291190978
0.2528248587570622,0.011598471997569625
0.3076923076923077,0.02836810095322825
0.7558236970001677,0.13679462249024413
0.3333333333333333,0.024793535863332536
0.16666666666666666,0.001909449665734938
0.21052631578947367,0.006988069446470418
0.3888888888888889,0.02355080146530659
0.7716087369420702,0.04395598186741089
0.23529411764705882,0.012121986052079885
0.5555555555555556,0.0005528391356088095
0.4,0.004747572308857651
0.4539627682464564,0.046863932545707344
0.29411764705882354,0.025946707593138305
0.625,0.00407700052145435
0.06153846153846154,0.01602811879637135
0.1574378368979308,0.009309543142283981
0.475,0.00386613914450849
0.7272727272727273,0.009017899025820035
0.031007751937984496,0.0037009136427495638
0.2222222222222222,0.011309620480062657
0.2,0.03072922456115818
0.16008212970829794,0.011090817256867133
0.0,0.008029078763201818
0.0010506707490359343,0.002978109527199546
0.9583333333333333,0.009999082590541077
0.6666666666666666,0.007466908828117973
0.21052631578947367,0.025985156768690898
0.16,0.003226299280165921
0.23615063233965675,0.002467384912806165
0.2222222222222222,0.02543216446654039
0.025926494676494674,0.009839924697115799
0.5,0.02075564896793151
0.0,0.013977046722316455
0.0,0.00568638410263921
0.0,0.00044133541426204
0.0,0.010997010888446453
0.0,0.009317479727270702
0.0,0.012930756317648494
0.0,0.010334660500055702
0.0,0.012859978819874291
1.0,0.012380016610410837
0.0,0.008599534416168664
0.0,0.010536527312428727
0.0,0.011984671597196933
0.0,0.013315491773525225
0.0,0.008933437277890902
0.0,0.004570728222701068
0.0,0.013781697345810503
0.0,0.011622580733450216
0.0,0.008276455540610178
0.17630037069703028,0.07932813493361768
0.2614737812928186,0.026247182282601367
0.19047619047619047,0.0008829441060157269
0.0889451089695376,0.054740025631550594
0.0,0.08908124719496688
0.010126073920574056,0.06934672462739891
0.16008212970829794,0.011167670806767001
0.13636363636363635,0.04941226963699812
0.550417384502478,0.0079856424695048
0.22672074616623164,0.09853028349866544
0.41884524389661865,0.01319802644391629
0.5506826254987897,0.009665687871622003
0.11538461538461539,0.003569294190766547
0.09836065573770492,0.0738035284913547
0.27597069597069596,0.02097605356481809
0.4,0.005613078525287318
0.7187412587412587,0.052420712287454665
0.026905829596412557,0.024308077162289488
0.30755506336901683,0.05312719923565153
0.2807705965909091,0.0593600730267991
0.22727272727272727,0.05551408514937396
0.0,0.059283067769790164
0.005519779208831647,0.02523732099611118
0.8,0.018756557288010452
0.6428205128205128,0.041808577655148976
0.3333333333333333,0.09295227075376711
0.24,0.031092010438721493
0.19230769230769232,0.010603629397269521
0.375,0.10513354506805538
0.03409090909090909,0.05618306575049103
0.4,0.021214955876912387
0.09836065573770492,0.08688676145104864
0.17917917917917917,0.0235971770019235
0.4,0.007239556191547278
0.7187412587412587,0.07436240427819031
0.046511627906976744,0.03515154220713811
0.30755506336901683,0.07300790208284953
0.2807705965909091,0.08675365709515738
0.22727272727272727,0.08129601120395713
0.0,0.09160487356478016
0.005519779208831647,0.026731216758149125
0.8,0.03537992784990031
0.6428205128205128,0.049055169940421986
0.35294117647058826,0.10752644927109979
0.24,0.032077962487150224
0.19230769230769232,0.018532528910122047
0.3333333333333333,0.120594925294813
0.03409090909090909,0.07611809334279611
0.4,0.033356342966993205
0.2415095599008133,0.06338847618431658
0.5312876103149661,0.025553694618376373
0.2222222222222222,0.007693991819457403
0.3157894736842105,0.06477014480563538
0.07082935884553702,0.03163692136213104
0.5263157894736842,0.025337629894732053
0.33077059659090907,0.11363900630344963
0.4258000566411782,0.023247654237010123
0.0,0.04280076039079544
0.003315315519026999,0.027354493458921863
0.23529411764705882,0.020360050549369506
0.3157894736842105,0.01636802315711207
0.838506522717049,0.22381942856532847
0.5761665556469836,0.02845964352964455
0.3787620397882406,0.007971156532355392
0.8827198480531814,0.2945304744400837
0.07636978389659616,0.02217101112693939
0.2222222222222222,0.03539409982218516
0.2415095599008133,0.06176232170763767
0.5596672876308134,0.01788482715112849
0.23529411764705882,0.009610303514456547
0.23529411764705882,0.10695513381874709
0.13264523563438121,0.012331508544385196
0.5,0.050522698354090914
0.5717273698689311,0.124016142319293
0.4248822357156405,0.048823017333742245
0.0,0.056486826227249945
0.013246012234714128,0.00904754679860575
0.23529411764705882,0.026309845759879748
0.23529411764705882,0.02651452062840213
0.8850902184235516,0.28399126517113055
0.29234809137203355,0.012045173203471782
0.07529357897004954,0.011089406129206725
0.87833081950729,0.34591005582248147
0.0818091778359901,0.05134244773412871
0.23529411764705882,0.032149635132767224
0.004140786749482402,0.00021351196837574347
0.004723667767146028,0.0055841252793576955
0.003055274883636183,0.03361618242211632
0.0008061265618702137,0.004060009865897785
0.3333333333333333,0.0033230618346618886
0.6666666666666666,0.010318222872774657
0.9909372236958444,0.024512813133718028
0.21052631578947367,0.023537337492837443
0.15384615384615385,0.0035795793291316428
0.25,0.02858807882292101
0.3333333333333333,0.013332734516685976
0.35294117647058826,0.04619846809103819
0.0,0.05189688725539913
0.0,0.0019126739573142974
0.33943496394395917,0.023038222952721215
0.0,0.005785238373235861
0.0,0.00010494732916450335
0.17762673463608042,0.19556662470024821
0.06944444444444445,0.03297851155280369
0.30728531816327503,0.10327091740257922
0.35294117647058826,0.037398207559132673
0.35294117647058826,0.07891521779468581
0.0,0.026809166451361433
0.0,0.001161407931592394
0.3773846153846154,0.02498415575428242
0.031578947368421054,0.0069684899393538105
0.27282051282051284,0.04773026780768392
0.38461538461538464,0.04798370523817872
0.2670738302000827,0.04214675454996393
0.23076923076923078,0.028041479561581435
0.0014709487619514587,0.007351189855236989
0.35294117647058826,0.03280088218244077
0.3333333333333333,0.05087581743593291
0.25,0.06651605625536462
0.2631578947368421,0.04026133014436214
0.6428205128205128,0.02396689729681656
0.06896551724137931,0.014929350704120426
0.35294117647058826,0.058250799088917685
0.45203619909502263,0.08837859183639878
0.35294117647058826,0.10830862649667736
0.0,0.02286415056543725
0.0,0.0023916974991193677
0.3773846153846154,0.07381939616859337
0.031578947368421054,0.06395493458423335
0.27282051282051284,0.08998368931789517
0.38461538461538464,0.09006185918245677
0.23809523809523808,0.0973552640001265
0.23076923076923078,0.08318086742409195
0.005952380952380952,0.05654395125360618
0.35294117647058826,0.0991253996369245
0.3333333333333333,0.09240642184387202
0.25,0.1152854356992913
0.2631578947368421,0.06416076664572962
0.6428205128205128,0.023391008375204043
0.1276595744680851,0.03562177902617433
0.35294117647058826,0.10505852777460717
0.0,0.0005826438573262751
0.0,0.0015308075475385047
0.5,0.0012066234992663513
1.0,0.0
0.0,0.00022917524700445674
0.0,0.00020892542508032632
0.0,0.0008846859662871967
0.0,0.0008874792484376812
0.0,0.0005867403096827626
0.0,0.0003222021192497773
0.0,0.0002166524705698418
0.0,0.0005817865739318973
0.0,0.0008796914700923644
0.0,0.0010816588208848704
0.0,0.0004342445631150118
0.0,0.0002834407021167727
0.0,0.0002766114707517621
0.0,0.0011621601618167666
0.23529411764705882,0.01265334651625758
0.23529411764705882,0.026700183150823873
0.0,0.032968200446850934
0.0,0.0006810168483424285
0.4,0.007005095671010501
0.031496062992125984,0.0033020780416982746
0.21446756553139532,0.015123906541152223
0.26954022988505744,0.015170648472777944
0.16770508826583594,0.012119948388863001
0.15384615384615385,0.007820061685423197
0.004526848276848277,0.002773131456782738
0.23529411764705882,0.01088233936305033
0.2222222222222222,0.01779833924119245
0.17815315315315314,0.020696451134170714
0.1853582554517134,0.005316416672732555
0.6666666666666666,0.0024618309972198227
0.04597701149425287,0.0010930609291749588
0.23529411764705882,0.024585717847439046
0.07406254593243933,0.08519440916092211
0.0,0.001825447689697353
0.0,4.535669187251049e-05
0.45203619909502263,0.05982420662813818
0.35294117647058826,0.07460223761602079
0.0,0.022532553255078146
0.0,0.003333264488479592
0.3773846153846154,0.051065445128429046
0.047244094488188976,0.03447490367905962
0.27282051282051284,0.07202618283637713
0.38461538461538464,0.07209670744672661
0.2670738302000827,0.07156852301829346
0.23076923076923078,0.05721138532567918
0.005952380952380952,0.03162634301306161
0.35294117647058826,0.073329458387585
0.3333333333333333,0.06937020825315954
0.25,0.08945608300345796
0.2631578947368421,0.05190320472261705
0.6428205128205128,0.025699070831185177
0.06896551724137931,0.021428884043869143
0.35294117647058826,0.07925577599483084
0.5548771114694037,0.06423961466132139
0.0,0.03091700087647742
0.0,0.0003118472601768595
0.4977011494252873,0.10148235911176223
0.4,0.02697926799770157
0.7754074074074074,0.050138875871288444
0.0,0.015170614967967976
0.0,0.00015833693906726622
0.4919689045128469,0.15462400229785883
0.3888888888888889,0.01522464463299021
0.23529411764705882,0.017177039166912125
0.0,0.00521406471415661
0.0,7.540129116358736e-05
0.21052631578947367,0.17811413423303885
0.40889344825370233,0.025785758634064584
0.47058823529411764,0.013751439376800127
0.23529411764705882,0.027822562213934466
0.0,0.03305886673948926
0.0,0.0006816419504430352
0.4,0.009074615608890986
0.021052631578947368,0.003372372287086394
0.21446756553139532,0.017352124889340362
0.26954022988505744,0.01739978009750314
0.16770508826583594,0.012812137299870923
0.15384615384615385,0.009890761937775867
0.0011186719938865073,0.002858816522593765
0.23529411764705882,0.0129633426955163
0.2222222222222222,0.019291789515054832
0.1864864864864865,0.022868592760562637
0.1853582554517134,0.0055342773654349095
0.6666666666666666,0.0024632623904406238
0.05333333333333334,0.0010930658241054723
0.23529411764705882,0.02705319493735677
0.0,0.01268776262485333
0.0,0.015578690689433005
1.0,0.006274179350248286
0.5,0.0005304011594989456
0.0,0.011086320415681389
0.0,0.00869113667419716
0.0,0.014428437576966791
0.0,0.014435714451397647
0.0,0.013442973130892212
0.0,0.012050625155991484
0.0,0.008257256620041762
0.0,0.013459331393441963
0.0,0.013432483909725153
0.0,0.01493716077171462
0.0,0.011008345288048667
0.0,0.003113403351194586
0.0,0.006417625126059629
0.0,0.011941537893957558
0.42096996770414785,0.029293088198472414
0.535255570993199,0.010698204782757577
0.0,0.005126786031955539
0.0,0.00011480757372368928
0.07002979041650349,0.04814326027610332
0.9839082264790117,0.03222333342949943
0.0028263954170869663,0.05238461462470097
0.5684612779311828,0.013380969636027735
0.6923076923076923,0.09931101309880977
0.13636363636363635,0.004473745132064642
0.2537468091728739,0.043762053309479264
0.45203619909502263,0.05538584482532153
0.35294117647058826,0.09572138281121241
0.0,0.026731673827603643
0.0,0.0023638938798494127
0.3773846153846154,0.05935640226890239
0.047244094488188976,0.02022634184254877
0.27282051282051284,0.09101786043891066
0.38461538461538464,0.09120269561332507
0.23809523809523808,0.06133232988644614
0.23076923076923078,0.06849097089492827
0.0014709487619514587,0.022021634227213205
0.35294117647058826,0.08708753739184219
0.3333333333333333,0.08276773089534126
0.25,0.12170424548287957
0.2631578947368421,0.05576080286111287
0.6428205128205128,0.02996094753171514
0.06896551724137931,0.013664036065918357
0.35294117647058826,0.10166589499861131
0.35294117647058826,0.08730483807444066
0.35294117647058826,0.12213075227855436
0.0,0.030487326121943784
0.0,0.0005305803807389308
0.3773846153846154,0.07522196639281757
0.047244094488188976,0.029812095819933257
0.27282051282051284,0.10126324226536161
0.38461538461538464,0.10139524152725238
0.23809523809523808,0.09003045572189494
0.23076923076923078,0.08653090456686942
0.005952380952380952,0.023846414978397654
0.35294117647058826,0.1082627259788579
0.3333333333333333,0.11492347923809502
0.25,0.14680727632774968
0.29411764705882354,0.06380964549984587
0.6428205128205128,0.027748826333335044
0.06896551724137931,0.022574567337292593
0.35294117647058826,0.13136474490345382
0.8823529411764706,0.05704970784032434
0.879843137254902,0.18500362914857524
0.0,0.04257440229522856
0.0,0.000489680061556281
0.5555555555555556,0.0648993666272324
0.12136056590538796,0.030498334147019007
0.5341315879204762,0.03701902562115447
0.503244554061251,0.03711370331875764
0.5920545418074358,0.027936672757220598
0.5382271914833335,0.06553347497341243
0.0037051854954342164,0.027315510977667996
0.4117647058823529,0.06974800517108098
0.9976296296296296,0.08562313124440694
0.7271360023991603,0.030809238403017
0.48904639111230364,0.028058219253467517
0.3157894736842105,0.015258640914973512
0.16983129061620203,0.006119882036751083
0.9420740740740742,0.0696437906984838
0.23529411764705882,0.08767377495774493
0.9974901960784315,0.3447626377819502
0.0,0.04297484193788471
0.0,0.0037959287094034557
0.23529411764705882,0.10712875889172953
0.12136056590538796,0.009651159079935015
0.6083486621375505,0.09466662826004316
0.5541906693711969,0.09494334516707562
0.5444354941883882,0.031146926674406432
0.5475960470964586,0.10966874468527764
0.014282751269555343,0.007377168332121482
0.9194151649098947,0.12308866430511306
0.9444444444444444,0.13749388902519702
0.6529772841890659,0.10068157347859584
0.5498475991614171,0.057919869350257364
0.23529411764705882,0.02671850418218621
0.19232937490738977,0.005703723583282353
0.8823529411764706,0.12711266337162658
0.00304505910218366,0.08710235230553773
0.0,0.002970780893387962
0.0,6.636313712340211e-05
0.23529411764705882,0.02456825099590016
0.0,0.019639026894668194
0.0,0.0002303405920055842
0.17647058823529413,0.03627436847899011
1.0,0.00815436697502255
0.06937290414294767,0.011844396263230018
0.0,0.013479099030282375
0.31960321365157524,0.07758118062336786
0.08242424242424243,0.014837801207253538
0.33982499855953135,0.02172171942505897
0.0,0.0021736695781976625
0.020912524417586925,0.05861403094793004
0.7123652250008043,0.045673114747021515
0.1935483870967742,0.02563454370226243
0.0,0.04293440554965115
0.3157894736842105,0.05629826320100947
0.037037037037037035,0.021465858685807866
0.2631578947368421,0.0457131113323825
0.8,0.041726694530355816
0.35294117647058826,0.06123178365767486
0.0,0.010131691327321198
0.3333333333333333,0.057615358403143684
0.001524003048006096,0.02949593728330945
0.03067484662576687,0.014417091655371547
0.3773846153846154,0.03629971059676448
0.2857142857142857,0.038098118922262635
0.3333333333333333,0.06206732799253875
0.21428571428571427,0.047049602080533943
0.0,0.062058177299683034
0.3157894736842105,0.11698978664945112
0.037037037037037035,0.06944607892598224
0.25,0.06847806735996459
0.8,0.05458419471962701
0.35294117647058826,0.09257284884336994
0.0,0.013822905792310276
0.3333333333333333,0.10204709568893917
0.005888125613346418,0.05353633792703653
0.03067484662576687,0.029405447382029586
0.3773846153846154,0.08737760451721105
0.2857142857142857,0.08517011442596928
0.3333333333333333,0.10380552339746993
0.0,0.00046777167444412573
1.0,0.0005826656670704458
0.0,0.0009852472752490435
0.0,0.0003201799322437451
0.0,0.000594417368769003
0.0,0.0003545267949662344
0.0,0.0008391436759263651
0.5,0.0004187605597582938
0.0,0.0011621601618167666
0.0,0.000278790295964035
0.0,0.00025241165265176197
0.0,0.00033050830741866466
0.0,0.0008065892760525039
0.0,0.0009044680359106247
0.12903225806451613,0.003842665937596515
0.0,0.00877663613064437
0.21052631578947367,0.017190066246548324
0.02816705594483372,0.0076808759753229944
0.17609034267912774,0.00941855315979125
0.9583333333333333,0.015701485858251155
0.23529411764705882,0.027961059181634107
0.0,0.009813450623768602
0.2222222222222222,0.024585717847439046
0.004477981416156097,0.0020607677139810503
0.021715018543551352,0.0012812687956029409
0.4,0.00789858269730294
0.19047619047619047,0.013645956932905007
0.2222222222222222,0.023303703061216065
0.0,0.0011933061406039858
0.21428571428571427,0.03137579357529765
0.0,0.0559606215028422
0.3157894736842105,0.08409235763784076
0.037037037037037035,0.04398410562908748
0.2631578947368421,0.05596463385662538
0.8,0.04525849597170977
0.35294117647058826,0.07026451293465201
0.0,0.011486831746155505
0.3333333333333333,0.07478127265369358
0.005888125613346418,0.0440245117117281
0.03067484662576687,0.02018477237061533
0.3773846153846154,0.057739217113673136
0.2857142857142857,0.0691295535899638
0.3333333333333333,0.07520654506756846
0.2528248587570622,0.024191639046999825
0.0,0.010863900702564254
0.08046359074945644,0.018210833725230916
0.21052631578947367,0.013576419841133247
0.0,0.005878925195017376
0.21497651741941085,0.0285950979209029
0.4,0.009124323363492882
0.0,0.0024236910358089118
0.0625,0.048680688619976216
0.14285714285714285,0.0038457491969169856
0.0,0.009536683469561305
0.21052631578947367,0.01935863171463909
0.02816705594483372,0.009768884827884851
0.1853582554517134,0.010185850813815976
0.9583333333333333,0.01630188422817207
0.23529411764705882,0.028169458018503294
0.0,0.009841105777696806
0.2222222222222222,0.026877860520338068
0.004477981416156097,0.0020609961348652442
0.021715018543551352,0.0012655125041668165
0.4,0.009969427385496022
0.19047619047619047,0.015745923813790332
0.2222222222222222,0.024999028332506848
0.0,0.010068335739258886
0.5,0.012829769880389969
0.0,0.01466372202363682
0.0,0.011971543280894486
0.0,0.013048335919222652
0.0,0.012617285423402928
0.0,0.013515832721820326
1.0,0.004508359985400059
0.0,0.013510475380055459
0.0,0.008405876838117743
0.0,0.006783151802688603
0.0,0.012120316730354911
0.0,0.014140521847137637
0.0,0.012713443340741122
0.45020263280338735,0.0693207040967348
0.0,0.08342437498748953
0.7958847736625514,0.08622355235288806
0.16770508826583594,0.006715949552974112
0.550417384502478,0.008033888636459255
0.0,0.0031719318825334224
0.010953864753612041,0.038533771196100866
0.08708366161522206,0.05848393407616013
0.550417384502478,0.01028178755962636
0.1935483870967742,0.031104504599100555
0.0,0.04529876221991458
0.3157894736842105,0.1193719544813789
0.037037037037037035,0.04987559606315773
0.2631578947368421,0.0529787245846949
0.8,0.050416640039080134
0.35294117647058826,0.09459413355980922
0.0,0.01358732017927568
0.3333333333333333,0.09808657005305722
0.005888125613346418,0.017286824729191384
0.03067484662576687,0.027635854940025337
0.3773846153846154,0.05753657979832238
0.2857142857142857,0.07870881015191557
0.3333333333333333,0.10158460296258982
0.1935483870967742,0.03851398097758939
0.0,0.04713335805359634
0.3157894736842105,0.1403297656894508
0.037037037037037035,0.07078787626758411
0.25,0.05705193419246256
0.8,0.05881288677382534
0.35294117647058826,0.10753769805038495
0.0,0.01833389878610374
0.3333333333333333,0.12637247813671865
0.00931387083086925,0.04522814764132364
0.07792207792207792,0.0240101652708847
0.3773846153846154,0.0867523390926867
0.2857142857142857,0.09315530466419199
0.3333333333333333,0.13188503900471896
0.46608514421316966,0.010770830072930438
0.0,0.03301316096022125
0.8342854437037263,0.07151011251761025
0.08269761283772707,0.02206353750853501
0.4645940715566884,0.035603036145961095
0.23529411764705882,0.03970051345591941
0.35294117647058826,0.24832335433387132
0.0,0.01794568769051189
0.3888888888888889,0.12052228956245829
0.0034029529469841715,0.00998336409241741
0.1886398158940237,0.006859581410676349
0.29411764705882354,0.06555532022485855
0.7066848031760313,0.030271166494907843
0.9382754036087368,0.12694867354496733
0.501023930217063,0.01183917689196235
0.0,0.03520179384104411
0.8890275621577561,0.13195149550570884
0.09504329185007275,0.04863198274548301
0.4919689045128469,0.08813399167206205
0.23529411764705882,0.061747967508745075
0.9934680744092508,0.20701509614463598
0.0,0.021919265846585358
0.8827198480531814,0.13872917966902168
0.014128570441326581,0.008547605631103069
0.1918092241863281,0.016608770153287787
0.23529411764705882,0.1111722040740925
0.669502175418158,0.06892977391519509
0.8271642924976258,0.21163660523877267
0.0,0.0013485982565599485
0.14285714285714285,0.013776781451669561
0.6666666666666666,0.02450162811459212
0.23529411764705882,0.02180803486801246
0.0,0.005309413247717746
0.007353003337558498,0.00859729845894149
0.03116580044355138,0.008980949984400417
